INPUT,,,,Output,,,,,,,,
Meteoroid Type,Initial Velocity (m/s),Plate Thickness (m),Meteoroid radius (mm),Residual Velocity (m/s),Plastic length- Front Plate (m),Plastic length-Back Plate(m),Perforation (YES or NO),Penetration depth (m),Lip Height (m),3-4 Acceleration Probes,,Total Spalling/Cracking Diameter (m) for Concrete
Sphere,100,0.0025,0.5,0,2.41E-03,0,NO,8.56E-05,0,,,
Sphere,200,0.0025,0.5,0,3.23E-03,0,NO,1.66E-04,0,,,
Sphere,400,0.0025,0.5,0,4.50E-03,0,NO,3.28E-04,7.08E-05,,,
Sphere,600,0.0025,0.5,0,5.07E-03,4.22E-03,NO,4.84E-04,1.05E-04,,,
Sphere,1000,0.0025,0.5,0,6.77E-03,6.77E-03,NO,1.08E-03,1.47E-04,,computer 1,
Sphere,1500,0.0025,0.5,0,9.71E-03,1.12E-02,NO,1.72E-03,4.37E-04,,,
Sphere,2000,0.0025,0.5,0,1.26E-02,1.56E-02,YES,0.0025,7.67E-04,,,
Sphere,2500,0.0025,0.5,0,1.41E-02,2.15E-02,YES,0.0025,1.30E-03,,,
Sphere,3000,0.0025,0.5,0,1.70E-02,2.15E-02,YES,0.0025,1.71E-03,,,
Sphere,100,0.005,0.5,0,2.29E-03,0,NO,8.91E-05,0,,,
Sphere,200,0.005,0.5,0,3.23E-03,0,NO,1.71E-04,0,,,
Sphere,400,0.005,0.5,0,4.50E-03,0,NO,3.33E-04,0,,,
Sphere,600,0.005,0.5,0,5.35E-03,0,NO,4.95E-04,1.10E-04,,,
Sphere,1000,0.005,0.5,0,6.77E-03,0,NO,1.11E-03,1.43E-04,,computer 1,
Sphere,1500,0.005,0.5,0,1.12E-02,5.92E-03,NO,1.55E-03,4.45E-04,,,
Sphere,2000,0.005,0.5,0,1.26E-02,9.71E-03,NO,2.15E-03,7.58E-04,,,
Sphere,2500,0.005,0.5,0,1.56E-02,1.41E-02,NO,2.97E-03,1.23E-03,,,
Sphere,3000,0.005,0.5,0,1.85E-02,1.85E-02,NO,3.63E-03,1.61E-03,,,
Sphere,100,0.01,0.5,0,2.29E-03,0,NO,8.90E-05,0,,,
Sphere,200,0.01,0.5,0,3.29E-03,0,NO,1.69E-04,0,,,
Sphere,400,0.01,0.5,0,4.78E-03,0,NO,3.32E-04,0,,,
Sphere,600,0.01,0.5,0,5.78E-03,0,NO,4.88E-04,1.01E-04,,,
Sphere,1000,0.01,0.5,0,8.24E-03,0,NO,1.14E-03,1.69E-04,computer 2,,
Sphere,1500,0.01,0.5,0,1.12E-02,0,NO,1.53E-03,4.70E-04,,,
Sphere,2000,0.01,0.5,0,1.26E-02,0,NO,2.21E-03,8.59E-04,,,
Sphere,2500,0.01,0.5,0,1.56E-02,0,NO,2.91E-03,1.26E-03,,,
Sphere,3000,0.01,0.5,0,1.85E-02,8.24E-03,NO,3.42E-03,1.62E-03,,,
Sphere,100,0.0025,1,0,4.78E-03,2.53E-03,NO,1.71E-04,0,,,
Sphere,200,0.0025,1,0,6.20E-03,5.35E-03,NO,3.42E-04,0,,,
Sphere,400,0.0025,1,0,6.77E-03,1.41E-02,NO,7.26E-04,0,,,
Sphere,600,0.0025,1,0,2.66E-02,2.66E-02,NO,1.26E-03,2.28E-04,computer 2,,
Sphere,1000,0.0025,1,0,3.69E-02,3.69E-02,NO,2.64E-03,5.51E-04,,,
Sphere,1500,0.0025,1,0,4.24E-02,4.24E-02,NO,5.61E-03,1.24E-03,,,
Sphere,2000,0.0025,1,0,4.24E-02,4.24E-02,NO,2.42E-03,2.42E-03,,,
Sphere,2500,0.0025,1,0,4.24E-02,4.24E-02,YES,0.0025,6.19E-03,,,
Sphere,3000,0.0025,1,0,4.24E-02,4.24E-02,YES,0.0025,6.30E-03,,,
Sphere,100,0.005,1,0,4.78E-03,0,NO,0.000171952,0,,,
Sphere,200,0.005,1,0,6.20E-03,0,NO,0.000336224,0,,,
Sphere,400,0.005,1,0,9.71E-03,2.53E-03,NO,0.000713438,0,,,
Sphere,600,0.005,1,0,1.12E-02,8.24E-03,NO,0.00112768,0.000290244,?,,
Sphere,1000,0.005,1,0,1.41E-02,1.56E-02,NO,0.00202452,0.000618478,,,
Sphere,1500,0.005,1,0,1.85E-02,2.49E-02,NO,0.00363707,0.00125351,,,
Sphere,2000,0.005,1,0,0.0265754,0.032549,YES,0.005,2.33E-03,5.15E-03,,
Sphere,2500,0.005,1,0,3.08E-02,4.24E-02,YES,0.005,3.96E-03,6.59E-03,,
Sphere,3000,0.005,1,0,3.51E-02,4.70E-02,YES,0.005,5.04E-03,7.94E-03,,
Sphere,100,0.01,1,0,4.22E-03,0,NO,1.56E-03,0,,,
Sphere,200,0.01,1,0,5.92E-03,0,NO,3.39E-04,0,,,
Sphere,400,0.01,1,0,9.71E-03,0,NO,6.98E-04,0,,,
Sphere,600,0.01,1,0,1.12E-02,0,NO,1.12E-03,3.12E-04,,,
Sphere,1000,0.01,1,0,1.41E-02,0,NO,2.09E-03,6.70E-04,computer 2,,
Sphere,1500,0.01,1,0,2.15E-02,1.56E-02,NO,3.26E-03,1.34E-03,,,
Sphere,2000,0.01,1,0,2.49E-02,2.15E-02,NO,4.31E-03,2.26E-03,,,
Sphere,2500,0.01,1,0,3.17E-02,3.00E-02,NO,5.52E-03,3.80E-03,,,
Sphere,3000,0.01,1,0,3.88E-02,3.69E-02,NO,6.35E-03,4.96E-03,,,
Sphere,100,0.0025,1.5,0,5.07E-03,6.20E-03,NO,2.63E-04,0,,,
Sphere,200,0.0025,1.5,0,9.71E-03,2.15E-02,NO,5.63E-04,0,,,
Sphere,400,0.0025,1.5,0,4.06E-02,4.06E-02,NO,1.25E-03,0,,,
Sphere,600,0.0025,1.5,0,5.33E-02,5.15E-02,YES,0.0025,2.45E-04,,,
Sphere,1000,0.0025,1.5,0,6.79E-02,6.89E-02,YES,0.0025,9.59E-04,,,
Sphere,1500,0.0025,1.5,0,6.79E-02,6.89E-02,YES,0.0025,2.34E-03,,,
Sphere,2000,0.0025,1.5,0,6.89E-02,6.89E-02,YES,0.0025,1.60E-02,,,
Sphere,2500,0.0025,1.5,0,6.89E-02,6.89E-02,YES,0.0025,1.94E-02,,,
Sphere,3000,0.0025,1.5,0,6.89E-02,6.89E-02,YES,0.0025,,,,
Sphere,100,0.005,1.5,0,6.77E-03,0,NO,2.62E-04,0,,,
Sphere,200,0.005,1.5,0,9.71E-03,0,NO,5.11E-04,1.20E-04,,,
Sphere,400,0.005,1.5,0,1.12E-02,1.26E-02,NO,1.08E-03,2.65E-04,,,
Sphere,600,0.005,1.5,0,1.41E-02,1.85E-02,NO,1.83E-03,5.27E-04,,,
Sphere,1000,0.005,1.5,0,2.66E-02,5.15E-02,NO,3.72E-03,1.15E-03,,,
Sphere,1500,0.005,1.5,0,5.70E-02,5.70E-02,YES,1.5,2.42E-03,,,
Sphere,2000,0.005,1.5,0,7.40E-02,7.07E-02,YES,1.5,5.58E-03,,,
Sphere,2500,0.005,1.5,0,8.58E-02,8.58E-02,YES,1.5,9.41E-03,,,
Sphere,3000,0.005,1.5,0,8.58E-02,8.58E-02,YES,1.5,1.06E-02,,,
Sphere,100,0.01,1.5,0,6.48E-03,0,NO,2.61E-04,0,,,
Sphere,200,0.01,1.5,0,9.71E-03,0,NO,5.07E-04,0,,,
Sphere,400,0.01,1.5,0,1.26E-02,0,NO,1.07E-03,2.86E-04,,,
Sphere,600,0.01,1.5,0,1.70E-02,4.36E-03,NO,1.76E-03,5.82E-04,computer 2,,
Sphere,1000,0.01,1.5,0,2.32E-02,1.85E-02,NO,3.18E-03,1.29E-03,,,
Sphere,1500,0.01,1.5,0,2.66E-02,2.83E-02,NO,5.23E-03,2.64E-03,,,
Sphere,2000,0.01,1.5,0,4.61E-02,3.69E-02,NO,6.91E-03,5.11E-03,,,
Sphere,2500,0.01,1.5,0,5.70E-02,4.97E-02,NO,2.02E-03,1.37E-03,,,
Sphere,3000,0.01,1.5,,,,,,,,,